<?xml version="1.0" encoding="UTF-8"?>
<!DOCTYPE hibernate-configuration PUBLIC "-//Hibernate/Hibernate Configuration DTD 3.0//EN" 
"http://www.hibernate.org/dtd/hibernate-configuration-3.0.dtd">
<hibernate-configuration>
	<session-factory>

		<property name="connection.driver_class">com.mysql.jdbc.Driver</property>
        <!-- property name="connection.driver_class">com.mysql.jdbc.Driver</property -->
        <property name="connection.url">jdbc:mysql://localhost:3306/teamproject6</property>
        <property name="connection.username">root</property>
        <property name="connection.password">rushipund@123</property>
        
        <property name="connection.pool_size">50</property>
	
	    <property name="dialect">org.hibernate.dialect.MySQL8Dialect</property>
	    <property name="current_session_context_class">thread</property>
	    
	    <property name="show_sql">true</property>
        <property name="format_sql">true</property>
        
        <property name="hbm2ddl.auto">update</property>
        
        
        <mapping class="com.spring.Student" />
        <mapping class="com.spring.model.User" />
		<mapping class="com.spring.model.AuthenticationData" />
		<mapping class="com.spring.model.ActivationMaster" />
		<mapping class="com.spring.dto.Complaint" />
	</session-factory>
</hibernate-configuration>
