<beans xmlns="http://www.springframework.org/schema/beans"
	xmlns:xsi="http://www.w3.org/2001/XMLSchema-instance"
	xmlns:context="http://www.springframework.org/schema/context"
	xmlns:mvc="http://www.springframework.org/schema/mvc"

	xsi:schemaLocation="http://www.springframework.org/schema/beans 
	http://www.springframework.org/schema/beans/spring-beans.xsd
	
	http://www.springframework.org/schema/context
	http://www.springframework.org/schema/context/spring-context.xsd
	
	http://www.springframework.org/schema/mvc
	http://www.springframework.org/schema/mvc/spring-mvc.xsd">
	
	<!--  MAKING ANOOTATION AWARE -->
	<context:annotation-config></context:annotation-config>
	
	<!-- SCANNING ONLY SPRING CLASSES -->
	<context:component-scan base-package="com.spring"></context:component-scan>
	
	<!--  PROJECT IS MVC AWARE  -->
	<mvc:annotation-driven></mvc:annotation-driven>
	
	
	<bean id="viewResolver" class="org.springframework.web.servlet.view.UrlBasedViewResolver">
		<property name="viewClass" value="org.springframework.web.servlet.view.JstlView" />
		<property name="prefix" value="/WEB-INF/views/" />
		<property name="suffix" value=".jsp" />
	</bean>
	<mvc:resources mapping="/WebContent/**" location="/WebContent/" />
	<bean id="multipartResolver" class="org.springframework.web.multipart.commons.CommonsMultipartResolver" >
		<property name="maxUploadSize" value="10000000" ></property>
	</bean>
	
	 <bean id="mailSender" class="org.springframework.mail.javamail.JavaMailSenderImpl">  
  		<property name="host" value="smtp.gmail.com" />  
    	<property name="username" value="rushipund420@gmail.com" />  
    	<property name="password" value="enteryourpassword" />  
    	<property name="javaMailProperties">  
       		<props>  
              	<prop key="mail.smtp.auth">true</prop>  
              	<prop key="mail.smtp.socketFactory.port">465</prop>  
              	<prop key="mail.smtp.socketFactory.class">javax.net.ssl.SSLSocketFactory</prop>  
              	<prop key="mail.smtp.port">465</prop>  
        	</props>  
    	</property>  
	</bean>
	
</beans>